,City,Cloudiness,Country,Date,Humidity,Lat,Lng,Max Temp,Wind Speed
0,Carauari,24,BR,1529374222,83,-4.88,-66.9,73.71,4.41
1,Impfondo,92,CD,1529374222,100,1.62,18.06,69.48,2.28
2,Ushuaia,40,AR,1529373600,94,-54.81,-68.31,35.6,10.29
3,Balaguer,0,ES,1529374223,72,41.79,0.81,55.8,2.95
4,Punta Arenas,75,CL,1529370000,100,-53.16,-70.91,35.6,19.46
5,Ostrovnoy,80,RU,1529374223,81,68.05,39.51,58.05,15.93
6,Rikitea,92,PF,1529373464,100,-23.12,-134.97,72.45,19.62
7,Ginir,0,ET,1529374224,84,7.14,40.71,56.79,4.85
8,Cidreira,0,BR,1529373226,89,-30.17,-50.22,48.6,7.76
9,Tessalit,0,ML,1529374224,14,20.2,1.01,88.47,11.01
10,Mataura,92,NZ,1529374224,99,-46.19,168.86,44.01,6.64
11,Nikolskoye,75,RU,1529371800,76,59.7,30.79,57.2,2.24
12,Kosonsoy,0,UZ,1529371800,44,41.25,71.55,75.2,6.93
13,Coelho Neto,76,BR,1529374225,99,-4.25,-43.02,72,2.17
14,Chiang Klang,75,TH,1529370000,100,19.29,100.86,78.8,1.12
15,Vaini,92,IN,1529374226,98,15.34,74.49,70.11,4.18
16,Salalah,75,OM,1529369400,88,17.01,54.1,82.4,5.82
17,Ancud,92,CL,1529374226,98,-41.87,-73.83,47.43,4.41
18,Dukat,92,RS,1529374227,100,42.44,22.31,55.98,2.17
19,Belaya Gora,36,RU,1529374227,38,68.54,146.19,65.7,8.21
20,Cape Town,75,ZA,1529370000,93,-33.93,18.42,53.6,14.99
21,Aginskoye,0,RU,1529374228,56,51.11,114.54,67.95,10.67
22,Leningradskiy,68,RU,1529374228,97,69.38,178.42,32.58,8.43
23,Avarua,40,CK,1529370000,60,-21.21,-159.78,75.2,9.17
24,Dwarka,0,IN,1529371800,65,28.58,77.04,82.4,8.05
25,Saldanha,0,PT,1529374229,52,41.42,-6.55,65.43,8.99
26,Dhankuta,24,NP,1529374229,92,26.98,87.34,72.36,1.39
27,Saveh,0,IR,1529374229,30,35.02,50.36,65.25,4.18
28,Castro,92,CL,1529374230,100,-42.48,-73.76,46.26,6.76
29,Mawlaik,32,MM,1529374230,82,23.63,94.42,83.43,2.73
30,Berlevag,8,NO,1529374231,83,70.86,29.09,54,12.01
31,Talara,32,PE,1529374231,96,-4.58,-81.27,63.36,3.74
32,Kushima,75,JP,1529372700,88,31.5,131.29,71.6,5.82
33,Jamestown,64,AU,1529374232,75,-33.21,138.6,48.78,6.2
34,Yumen,92,CN,1529374233,40,40.29,97.04,74.16,3.4
35,Bati,80,ET,1529374233,45,11.19,40.02,75.78,3.74
36,Puerto Quijarro,8,BO,1529374233,93,-19,-57.72,60.84,2.95
37,Mata,40,CU,1529373000,83,22.63,-79.93,77,4.7
38,Fare,92,PF,1529374234,100,-16.7,-151.02,77.76,15.59
39,Kalmunai,0,LK,1529374234,81,7.42,81.82,83.16,8.99
40,Mar del Plata,68,AR,1529374235,57,-46.43,-67.52,50.4,19.84
41,Honningsvag,20,NO,1529374235,79,70.98,25.97,53.73,11.45
42,Georgetown,40,GY,1529370000,100,6.8,-58.16,71.6,5.19
43,Siwana,24,IN,1529374236,54,25.65,72.42,88.56,10.67
44,Umarkot,20,PK,1529374236,73,25.37,69.74,84.96,12.57
45,Faya,5,SA,1529370000,24,18.39,42.45,71.6,2.17
46,Male,20,UA,1529373940,77,50.74,33.7,62.28,2.84
47,Adrar,0,DZ,1529370000,10,27.87,-0.29,93.2,6.93
48,Meulaboh,76,ID,1529374237,100,4.14,96.13,82.26,3.18
49,Pisco,90,PE,1529373600,88,-13.71,-76.2,62.6,4.7
50,Doha,0,QA,1529371800,41,25.29,51.53,93.2,6.93
51,Jiuquan,44,CN,1529373996,69,39.73,98.49,63.63,4.52
52,Gannan,0,CN,1529374238,97,47.92,123.49,71.55,5.97
53,Cherskiy,24,RU,1529374239,55,68.75,161.3,50.13,7.2
54,Uthal,12,PK,1529374239,78,25.81,66.62,83.16,3.96
55,Atuona,0,PF,1529374239,100,-9.8,-139.03,80.73,17.72
56,Moldova Noua,0,RO,1529371800,100,44.74,21.67,64.4,1.12
57,Katsina,0,NG,1529374240,78,12.99,7.6,76.68,16.71
58,Butaritari,56,KI,1529374240,100,3.07,172.79,83.16,7.76
59,Puerto Ayora,0,EC,1529374240,97,-0.74,-90.35,72.63,9.78
60,Jumla,0,NP,1529374241,87,29.28,82.18,46.8,1.95
61,Naze,92,NG,1529374241,98,5.43,7.07,70.02,7.76
62,Santa Barbara,1,US,1529372100,59,34.42,-119.7,68,14.99
63,Danjiangkou,92,CN,1529374242,100,32.54,111.51,71.28,5.19
64,Khatanga,0,RU,1529374242,74,71.98,102.47,51.75,7.43
65,Airai,36,TL,1529374243,58,-8.93,125.41,81.54,2.17
66,Arlit,24,NE,1529374244,19,18.74,7.39,75.15,1.05
67,Kaduqli,92,SD,1529374245,94,11.01,29.72,72.99,7.43
68,Severo-Kurilsk,0,RU,1529374245,91,50.68,156.12,45,3.62
69,Arraial do Cabo,68,BR,1529374245,96,-22.97,-42.02,69.75,10
70,Nong Khai,75,TH,1529371800,88,17.88,102.75,82.4,2.24
71,Senador Pompeu,44,BR,1529374246,94,-5.58,-39.37,68.67,5.97
72,Oksfjord,100,NO,1529369400,81,70.24,22.35,53.6,10.29
73,Alofi,75,NU,1529373600,73,-19.06,-169.92,77,17.22
74,Svetlogorsk,75,RU,1529371800,67,53.14,59.15,60.8,6.71
75,Constitucion,90,MX,1529372820,88,23.99,-104.67,62.6,4.7
76,Kotdwara,0,IN,1529374247,78,29.75,78.53,75.96,2.73
77,Lebu,0,ET,1529374247,82,8.96,38.73,42.3,2.17
78,Manzil Salim,40,TN,1529370000,71,35.86,8.48,57.2,10.29
79,Gravdal,92,NO,1529371200,76,59.79,5.78,53.6,20.8
80,Paraibano,36,BR,1529374250,66,-6.43,-43.99,75.33,4.74
81,Longyearbyen,0,NO,1529369400,48,78.22,15.63,42.8,13.87
82,Lesogorsk,56,RU,1529374250,52,56.05,99.51,72.45,9.55
83,Baoding,8,CN,1529374251,78,38.86,115.49,80.64,10.33
84,Lanzhou,0,CN,1529370000,56,36.06,103.82,68,4.47
85,Maragogi,100,BR,1529374229,84,-9.01,-35.22,75.6,6.87
86,Labytnangi,68,RU,1529374251,98,66.66,66.39,45.18,11.79
87,Faanui,88,PF,1529373911,100,-16.48,-151.75,78.12,15.48
88,Chokurdakh,8,RU,1529374252,89,70.62,147.9,48.06,12.35
89,Hualmay,24,PE,1529374252,94,-11.1,-77.61,55.89,3.74
90,Jijiga,8,ET,1529374253,81,9.35,42.8,59.58,7.54
91,Petropavlovsk-Kamchatskiy,0,RU,1529371800,45,53.05,158.65,68,11.18
92,Kazerun,0,IR,1529374060,33,29.62,51.65,71.55,3.62
93,Dikson,88,RU,1529374253,97,73.51,80.55,32.67,17.83
94,Kirs,0,RU,1529374254,71,59.34,52.24,62.55,4.63
95,Saskylakh,32,RU,1529374254,82,71.97,114.09,55.98,11.23
96,Chicama,90,PE,1529373600,88,-7.84,-79.15,64.4,6.93
97,Hasaki,75,JP,1529372040,65,35.73,140.83,77,11.41
98,Wokha,20,IN,1529374255,87,26.1,94.25,81.18,2.84
99,Okhotsk,88,RU,1529374255,91,59.36,143.24,46.53,5.53
100,Bosanska Dubica,0,BA,1529371800,73,45.18,16.81,69.8,6.93
101,Kuryk,8,KZ,1529374256,50,43.18,51.68,73.35,11.9
102,Lorengau,8,PG,1529374256,100,-2.02,147.27,84.6,3.18
103,Ormara,0,PK,1529374257,89,25.21,64.64,84.24,10.45
104,Aswan,0,EG,1529374257,36,24.09,32.9,83.52,8.99
105,Humberto de Campos,64,BR,1529374257,98,-2.6,-43.46,79.2,14.36
106,Karakol,20,KG,1529374258,56,42.49,78.39,59.4,2.73
107,Buluang,75,PH,1529370000,74,10.47,123.98,86,4.7
108,Chuy,0,UY,1529374258,92,-33.69,-53.46,43.83,9.33
109,Vanavara,0,RU,1529374258,43,60.35,102.28,77.85,3.62
110,Fort-Shevchenko,48,KZ,1529374259,82,44.51,50.26,71.37,9.55
111,Vrangel,64,RU,1529374259,91,42.73,133.08,57.33,6.2
112,San Martino di Lupari,36,IT,1529371200,64,45.65,11.86,73.4,2.24
113,Arroio Grande,0,BR,1529374260,100,-32.24,-53.09,45.99,7.87
114,Makinsk,64,KZ,1529374260,83,52.63,70.42,53.28,13.47
115,Mahibadhoo,0,MV,1529374260,100,3.78,72.97,83.34,9.22
116,Aksarka,80,RU,1529374260,99,66.56,67.8,41.31,16.26
117,Ranong,75,TH,1529370000,88,9.96,98.62,80.6,4.7
118,Caravelas,76,BR,1529374261,100,-17.73,-39.27,75.69,15.14
119,Tiksi,0,RU,1529374262,74,71.64,128.87,57.33,3.96
120,Ouallam,0,NE,1529374262,52,14.32,2.08,83.61,14.81
121,Aracaju,40,BR,1529373600,94,-10.92,-37.08,73.4,3.36
122,Kavaratti,68,IN,1529374263,100,10.57,72.64,83.25,24.2
123,Temerloh,92,MY,1529374263,82,3.45,102.42,83.7,3.4
124,Kamaishi,75,JP,1529370000,68,39.28,141.86,71.6,11.41
125,Balkanabat,20,TM,1529374264,32,39.51,54.36,75.96,1.95
126,Deputatskiy,8,RU,1529374264,38,69.3,139.9,70.83,6.76
127,Kanlagay,12,PH,1529374265,96,5.88,121.29,84.6,7.87
128,Kut Chap,75,TH,1529371800,88,17.43,102.57,82.4,2.24
129,Udachnyy,0,RU,1529374266,51,66.42,112.4,69.66,4.18
130,Rebrikha,24,RU,1529374266,66,53.08,82.34,69.93,13.02
131,Chifeng,0,CN,1529374266,54,42.27,118.96,71.82,7.2
132,Sao Joao do Piaui,0,BR,1529374267,60,-8.36,-42.25,75.15,11.01
133,Tazovskiy,8,RU,1529374267,72,67.47,78.7,71.28,4.63
134,Santa Rosa,20,AR,1529374206,74,-36.62,-64.29,46.08,9.89
135,Zinder,0,NE,1529374269,59,13.81,8.99,80.28,17.83
136,Neiafu,20,TO,1529373600,69,-18.65,-173.98,80.6,11.41
137,Ust-Nera,44,RU,1529374269,52,64.57,143.24,59.76,2.62
138,Atasu,0,KZ,1529374269,54,48.68,71.64,63.63,7.54
139,Hermanus,64,ZA,1529374270,98,-34.42,19.24,51.3,7.99
140,Polunochnoye,88,RU,1529374270,88,60.87,60.43,58.14,10.45
141,Taltal,0,CL,1529374270,91,-25.41,-70.49,45.81,2.73
142,Batticaloa,0,LK,1529374271,100,7.71,81.69,82.17,4.74
143,Tuy Hoa,68,VN,1529373985,77,13.08,109.3,85.14,13.24
144,Gazanjyk,0,TM,1529374271,45,39.24,55.52,73.98,5.08
145,Mnogovershinnyy,92,RU,1529374272,84,53.94,139.92,54.63,3.4
146,Povenets,64,RU,1529374272,61,62.85,34.83,62.91,8.55
147,Yeniseysk,64,RU,1529374272,47,58.45,92.17,71.28,7.99
148,Jashpurnagar,0,IN,1529374273,63,22.88,84.14,85.23,4.52
149,Shimoda,75,JP,1529371800,56,34.7,138.93,75.2,5.82
150,Shihezi,0,CN,1529374273,37,44.3,86.03,85.23,2.17
151,Alta Floresta,36,BR,1529374043,66,-9.87,-56.08,76.32,2.84
152,Pauini,0,BR,1529374274,84,-7.71,-67,70.02,6.2
153,Bamiantong,80,CN,1529374274,65,44.93,130.53,66.78,7.76
154,Sherlovaya Gora,0,RU,1529374275,65,50.53,116.31,65.34,15.48
155,Touros,68,BR,1529374150,82,-5.2,-35.46,77.94,9.44
156,Bad Wildungen,75,DE,1529373000,87,51.12,9.13,62.6,2.24
157,Solnechnyy,76,RU,1529374275,100,50.72,136.64,50.31,5.97
158,Bilibino,36,RU,1529374276,40,68.06,166.44,61.11,4.52
159,Seymchan,0,RU,1529374276,43,62.93,152.39,68.4,5.75
160,Olga,1,US,1529369880,49,34.11,-118.17,80.6,11.41
161,Tautira,40,PF,1529373600,62,-17.73,-149.15,84.2,4.7
162,Suntar,92,RU,1529374277,65,62.16,117.65,63.18,3.4
163,Sibu,75,MY,1529370000,83,2.29,111.83,77,5.82
164,Kurilsk,64,RU,1529374277,92,45.23,147.88,52.65,9.89
165,Arman,0,RU,1529371800,58,59.7,150.17,57.2,8.95
166,Dole,0,FR,1529371800,100,47.09,5.49,59,3.36
167,Iki-Burul,0,RU,1529371800,67,45.82,44.65,60.8,4.47
168,Matay,0,EG,1529374279,46,28.42,30.79,71.19,6.42
169,Vysha,44,RU,1529374279,78,53.85,42.38,68.04,1.72
170,Antofagasta,90,CL,1529373600,76,-23.65,-70.4,55.4,10.29
171,Zabid,0,YE,1529374280,40,14.2,44.5,52.2,2.73
172,Victoria,75,BN,1529370000,79,5.28,115.24,87.8,1.12
173,Lasa,88,CY,1529371800,78,34.92,32.53,73.4,6.93
174,Katangli,92,RU,1529373981,96,51.71,143.23,47.52,6.64
175,Port Blair,92,IN,1529374281,100,11.67,92.75,80.1,23.31
176,Lotoshino,56,RU,1529374281,82,56.23,35.64,65.88,6.76
177,Zhuanghe,92,CN,1529374282,99,39.7,122.97,66.87,5.97
178,Paita,32,PE,1529374282,96,-5.09,-81.11,63.36,3.74
179,Dagda,68,LV,1529374282,72,56.09,27.54,60.66,8.55
180,Coquimbo,90,CL,1529373600,87,-29.95,-71.34,51.8,2.24
181,Pevek,32,RU,1529374283,69,69.7,170.27,42.84,10.22
182,Vardo,1,US,1529373180,62,39.62,-77.74,87.8,5.82
183,Khani,75,GE,1529371800,100,41.96,42.96,64.4,2.24
184,Kidal,92,ML,1529374284,14,18.44,1.41,91.8,5.75
185,Beringovskiy,0,RU,1529374284,100,63.05,179.32,45.45,1.83
186,Turayf,0,SA,1529370000,49,31.68,38.65,69.8,6.93
187,Kavieng,36,PG,1529374285,100,-2.57,150.8,85.23,2.17
188,Pak Thong Chai,20,TH,1529370000,79,14.73,102.02,84.2,10.29
189,Necochea,20,AR,1529374286,66,-38.55,-58.74,52.47,18.05
190,Kaluga,92,RU,1529374286,95,54.51,36.26,63.54,3.18
191,Manaus,20,BR,1529373600,88,-3.13,-59.98,77,2.24
192,Santiago,0,CL,1529373600,62,-33.44,-70.65,53.6,2.24
193,Terney,68,RU,1529374287,95,45.05,136.61,54.72,9.44
194,Atrauli,8,IN,1529374288,55,28.04,78.28,92.43,4.63
195,Tabuk,48,PH,1529374288,81,17.41,121.44,79.56,0.94
196,Zuwarah,0,LY,1529374289,99,32.93,12.08,69.75,9.78
197,Verkhoyansk,0,RU,1529374289,62,67.55,133.39,67.95,4.97
198,Shenjiamen,32,CN,1529374289,90,29.96,122.3,79.2,14.7
199,Vitoria de Santo Antao,40,BR,1529373600,74,-8.12,-35.29,78.8,6.93
200,Pingliang,68,CN,1529374290,83,35.54,106.68,70.74,4.18
201,Matara,0,PE,1529374290,78,-13.74,-72.9,28.26,1.83
202,Nyurba,24,RU,1529374291,45,63.29,118.35,69.3,3.74
203,Storforshei,92,NO,1529374291,100,66.4,14.52,38.61,1.39
204,Maceio,75,BR,1529373600,94,-9.67,-35.74,71.6,4.7
205,Bandarbeyla,0,SO,1529374292,86,9.49,50.81,76.86,26.33
206,Puerto Maldonado,0,PE,1529374292,88,-12.59,-69.19,63.27,2.17
207,Tezu,80,IN,1529374292,91,27.93,96.16,70.11,0.94
208,Harper,1,US,1529373060,48,30.3,-99.24,87.8,13.87
209,Prudentopolis,68,BR,1529374293,99,-25.21,-50.98,48.24,2.73
210,Mollendo,92,PE,1529374293,97,-17.03,-72.02,56.61,1.83
211,Pasni,0,PK,1529374294,93,25.26,63.48,85.23,6.98
212,Undory,0,RU,1529370000,67,54.61,48.39,59,2.24
213,Santo Antonio,32,BR,1529374294,82,-4.7,-40.67,70.38,5.41
214,Abu Kamal,0,SY,1529374295,54,34.45,40.92,70.2,5.86
215,Yerofey Pavlovich,80,RU,1529374295,55,53.97,121.97,61.38,8.32
216,Mauganj,20,IN,1529374295,38,24.67,81.88,95.49,8.88
217,Nemuro,75,JP,1529370000,100,43.32,145.57,59,9.17
218,Langarud,75,IR,1529370000,94,37.2,50.15,73.4,13.24
219,Ruwi,0,OM,1529369400,58,23.6,58.55,87.8,3.36
220,Presidencia Roque Saenz Pena,0,AR,1529374296,82,-26.79,-60.44,51.75,10.11
221,Anandnagar,40,IN,1529371800,88,18.71,73.3,80.6,6.93
222,Bhalki,56,IN,1529374297,96,18.04,77.21,72.36,15.26
223,Yatou,75,CM,1529370000,100,3.63,9.81,73.4,2.24
224,Dindori,32,IN,1529374298,91,22.94,81.08,78.03,6.64
225,Ust-Tsilma,0,RU,1529374298,65,65.44,52.15,55.98,3.4
226,Rio Grande,0,BR,1529374299,95,-32.03,-52.1,46.89,6.98
227,Krasnooktyabrskiy,0,RU,1529371800,82,44.93,38.37,59,6.71
228,Turbat,0,PK,1529374299,70,26,63.05,82.08,4.41
229,Dalbandin,0,PK,1529374300,13,28.9,64.41,84.42,3.74
230,Molina,90,CL,1529373600,100,-35.11,-71.28,42.8,3.36
231,Benghazi,40,LY,1529369880,82,32.12,20.07,66.2,6.87
232,Urozhaynoye,92,RU,1529374301,93,47.7,142.03,58.77,8.99
233,Yaita,75,JP,1529370000,100,36.8,139.92,69.8,3.36
234,Zhigansk,0,RU,1529374301,41,66.77,123.37,64.53,8.88
235,Vaitape,92,PF,1529374013,100,-16.52,-151.75,78.21,16.15
236,Vidim,0,CZ,1529371800,87,50.47,14.53,60.8,8.05
237,San Luis,12,AR,1529374303,57,-33.3,-66.34,49.86,11.45
238,Ipixuna,0,BR,1529373600,94,-1.76,-48.8,75.2,4.7
239,Marzuq,0,YE,1529374303,71,14.4,46.47,58.5,2.39
240,Andradina,0,BR,1529374304,69,-20.89,-51.38,63.36,8.88
241,Xichang,88,CN,1529374304,93,27.88,102.25,63.99,1.61
242,Katsuura,75,JP,1529370360,94,33.93,134.5,71.6,18.34
243,Erzin,40,TR,1529371200,88,36.95,36.2,73.4,4.7
244,Verkhnevilyuysk,0,RU,1529374045,41,63.45,120.31,65.7,3.51
245,Zhanaozen,24,KZ,1529374305,27,43.35,52.85,73.35,11.23
246,Birin,80,SY,1529374306,93,35.01,36.67,66.15,7.65
247,Atbasar,8,KZ,1529374306,95,51.81,68.36,55.8,7.99
248,Rosetta,0,EG,1529370000,83,31.4,30.42,73.4,2.24
249,Berezovyy,92,RU,1529374307,100,51.67,135.7,45.18,3.74
250,Eyl,8,SO,1529374307,84,7.98,49.82,77.22,21.97
251,Mecca,0,SA,1529370000,36,21.43,39.83,91.4,2.06
252,Swinoujscie,20,PL,1529371800,72,53.91,14.25,62.6,2.24
253,Novyy Urgal,92,RU,1529374308,100,51.07,132.56,57.69,1.28
254,San Cristobal,75,EC,1529373600,87,-0.39,-78.55,50,13.87
255,Orlik,56,RU,1529374309,64,52.51,99.83,60.3,2.51
256,Mikhaylovka,8,RU,1529374309,57,52.96,103.29,72.9,9.78
257,Galle,20,US,1529373060,74,29.74,-97.91,82.4,10.29
258,Narwana,0,IN,1529374310,63,29.6,76.12,91.8,4.63
259,Chota,36,EC,1529374310,90,0.47,-78.07,44.91,2.28
260,Simeria,0,RO,1529374310,91,45.85,23.01,53.19,2.28
261,Aykhal,0,RU,1529374311,62,65.95,111.51,68.58,5.53
262,Chaoyang,36,CN,1529374311,92,41.58,120.44,71.82,5.97
263,Alindao,92,CF,1529374311,99,5.04,21.21,68.4,7.99
264,Sakaiminato,75,JP,1529370000,57,35.55,133.23,80.6,2.24
265,Piacabucu,76,BR,1529374312,96,-10.41,-36.43,68.76,2.95
266,Komsomolskiy,56,RU,1529374312,93,67.55,63.78,41.13,18.72
267,Diveyevo,20,RU,1529374313,73,55.04,43.25,69.66,4.18
268,Shiyan,92,CN,1529374313,99,32.65,110.78,69.39,2.73
269,Itaituba,20,BR,1529374313,97,-4.26,-55.99,74.34,2.17
270,Vilyuysk,12,RU,1529374313,39,63.75,121.63,67.5,4.18
271,Santa Isabel do Rio Negro,92,BR,1529374314,100,-0.41,-65.02,72.18,3.62
272,Tura,36,IN,1529374314,92,25.52,90.21,81.18,3.4
273,Ust-Ordynskiy,0,RU,1529371800,49,52.8,104.75,71.6,8.95
274,Pomabamba,0,PE,1529374315,73,-8.82,-77.46,32.31,1.39
275,Nago,20,IT,1529371200,82,45.88,10.89,73.4,3.36
276,Lebedinyy,92,RU,1529374315,65,58.52,125.52,59.94,3.74
277,Bom Jesus da Lapa,0,BR,1529374315,81,-13.25,-43.41,65.43,8.77
278,Hambantota,76,LK,1529374316,99,6.12,81.12,80.46,13.47
279,Talnakh,68,RU,1529374316,81,69.49,88.39,57.6,4.18
280,Phuket,75,TH,1529371800,70,7.89,98.4,84.2,9.17
281,Ilhabela,44,BR,1529374317,100,-23.78,-45.36,68.85,17.49
282,Mardin,0,TR,1529369400,60,37.32,40.72,68,4.7
283,Raxaul,0,IN,1529374318,72,26.98,84.85,89.28,4.97
284,Sao Desiderio,48,BR,1529374318,60,-12.36,-44.97,68.13,11.12
285,Gustrow,20,DE,1529371200,93,53.8,12.17,60.8,6.93
286,Kuzino,44,RU,1529374319,95,57.02,59.44,58.23,4.74
287,Laguna,5,MX,1529372880,15,27.52,-110.01,89.6,5.82
288,Nogent-le-Rotrou,0,FR,1529371800,87,48.32,0.82,60.8,9.17
289,Tigzirt,0,DZ,1529374320,96,36.57,4.2,51.93,1.95
290,Manbij,0,SY,1529371200,72,36.53,37.96,66.2,3.36
291,Nishihara,40,JP,1529371800,69,35.74,139.53,77,8.05
292,Nkoteng,92,CM,1529374321,100,4.5,12.12,68.13,8.77
293,Tamsweg,20,AT,1529371200,82,47.13,13.81,55.4,5.82
294,Enshi,92,CN,1529374322,100,30.29,109.48,70.29,3.29
295,Alanya,20,TR,1529374322,100,36.55,32,67.68,2.39
296,Marawi,12,PH,1529374322,59,8,124.29,85.5,1.83
297,Point Pedro,32,LK,1529374322,92,9.82,80.23,84.06,23.87
298,Shirokiy,0,RU,1529374323,65,53.87,39.17,65.25,2.73
299,Beaune,90,FR,1529371800,93,47.02,4.84,59,2.24
300,Namatanai,24,PG,1529374324,95,-3.66,152.44,85.23,4.18
301,Buraydah,0,SA,1529370000,35,26.33,43.97,84.2,3.36
302,Baiyin,0,CN,1529370000,56,36.55,104.13,68,4.47
303,Mehamn,0,NO,1529374324,89,71.03,27.85,53.73,11.12
304,Srednekolymsk,36,RU,1529374325,44,67.46,153.71,56.34,5.41
305,Seoul,75,KR,1529371800,73,37.57,126.98,77,4.7
306,Thanh Hoa,24,VN,1529374325,87,10.21,106.33,84.24,11.79
307,Nossa Senhora da Gloria,68,BR,1529374326,99,-10.22,-37.42,69.21,3.74
308,Patiya,40,BD,1529370000,83,22.3,91.98,84.2,5.82
309,Batsfjord,0,NO,1529374326,80,70.63,29.72,51.48,13.8
310,Slavuta,0,UA,1529374326,93,50.3,26.87,64.26,2.95
311,Chara,40,GR,1529369400,77,39.42,22.43,68,6.93
312,Kasese,92,UG,1529374327,100,0.17,30.09,65.61,1.83
313,Mokhsogollokh,80,RU,1529374328,73,61.4,128.95,63.9,4.41
314,Trat,75,TH,1529370000,94,12.25,102.51,82.4,9.17
315,Petukhovo,92,RU,1529374328,95,55.06,67.89,55.08,12.68
316,Dhidhdhoo,80,MV,1529374329,98,6.88,73.1,83.52,17.05
317,Vila Velha,75,BR,1529373600,83,-3.71,-38.6,78.8,8.05
318,Doos,0,DE,1529373360,87,49.47,11.02,57.2,5.82
319,Zeya,8,RU,1529374331,62,53.74,127.27,58.05,6.2
320,Adamovka,0,RU,1529374331,59,51.52,59.94,64.44,7.43
321,Hue,0,VN,1529371800,70,16.47,107.58,87.8,4.7
322,Ayan,88,TR,1529374332,98,40.67,33.6,53.37,2.62
323,Loukhi,48,RU,1529374332,86,66.08,33.04,59.04,3.18
324,Kem,76,UG,1529374333,98,2.68,33.77,61.38,3.96
325,Sabang,32,PH,1529374333,87,13.72,123.58,86.76,4.41
326,Laem Sing,75,TH,1529370000,94,12.48,102.07,82.4,9.17
327,Bandar,12,ID,1529374334,70,-4.2,104.14,85.5,8.21
328,Pljevlja,90,ME,1529371800,100,43.36,19.36,57.2,6.93
329,Falam,20,MM,1529374334,78,22.91,93.68,78.21,1.95
330,Quang Ngai,48,VN,1529374335,66,15.12,108.8,85.95,4.41
331,Kodarma,0,IN,1529374335,40,24.47,85.59,97.83,2.95
332,Juazeiro,75,BR,1529373600,73,-9.43,-40.51,73.4,14.99
333,Khasan,20,RU,1529374336,82,42.43,130.64,64.8,2.73
334,Karatsu,75,JP,1529371800,83,33.45,129.97,73.4,20.8
335,Pangoa,32,PE,1529374336,93,-12.12,-73,60.39,1.95
336,Libreville,75,GA,1529371800,78,0.39,9.45,78.8,10.29
337,Szczecinek,0,PL,1529374337,76,53.71,16.69,60.57,10.78
338,Omsukchan,32,RU,1529374337,55,62.53,155.8,62.1,2.62
339,Parabel,92,RU,1529374337,99,58.71,81.5,56.88,5.41
340,Batagay-Alyta,8,RU,1529374335,83,67.8,130.41,59.04,4.97
341,Belmonte,12,PT,1529374338,67,40.36,-7.35,61.83,5.41
342,Alakurtti,56,RU,1529374338,88,66.96,30.34,53.46,6.31
343,Pozo Colorado,0,PY,1529374339,78,-23.49,-58.8,53.64,5.08
344,Yanacancha,12,PE,1529374339,100,-10.53,-76.18,28.62,2.62
345,Janakkala,20,FI,1529374339,70,60.93,24.67,57.24,7.65
346,Eregli,64,TR,1529374340,94,37.51,34.05,55.08,3.85
347,San Policarpo,56,PH,1529374340,95,12.18,125.51,85.23,3.51
348,Chumikan,92,RU,1529374340,97,54.72,135.31,39.24,14.14
349,Birobidzhan,92,RU,1529374341,84,48.79,132.93,65.61,12.01
350,Asyut,0,EG,1529370000,47,27.18,31.19,80.6,3.96
351,Imeni Poliny Osipenko,92,RU,1529374320,99,52.42,136.49,46.44,12.01
352,Bud,76,NO,1529373000,71,62.91,6.91,50,12.75
353,Union,1,US,1529373180,35,47.36,-123.1,87.8,6.93
354,Beyneu,0,KZ,1529374343,32,45.32,55.19,72.9,4.41
355,Miri,80,NG,1529374343,79,10.31,9.75,72.81,14.25
356,Jalu,0,LY,1529374343,63,29.03,21.55,68.4,7.2
357,Yar-Sale,92,RU,1529374344,86,66.83,70.83,43.65,11.34
358,Baykit,0,RU,1529374344,63,61.68,96.39,74.43,4.63
359,Brekstad,75,NO,1529373000,87,63.69,9.67,48.2,9.17
360,San Miguel,0,AR,1529373600,71,-34.54,-58.72,55.4,4.7
361,Abalak,88,NE,1529374346,41,15.46,6.28,80.73,13.24
362,Bumba,64,CD,1529374347,100,2.18,22.47,68.31,3.96
363,Paraiba do Sul,88,BR,1529374105,100,-22.16,-43.29,61.11,2.73
364,Ugoofaaru,36,MV,1529374347,98,5.67,73,83.25,13.8
365,Garmsar,0,IR,1529374348,37,35.22,52.34,65.88,2.28
366,Guarapari,75,BR,1529373600,88,-20.67,-40.5,69.8,9.17
367,Pandan,44,PH,1529374348,99,11.72,122.09,84.87,8.21
368,Salinas,1,US,1529373300,68,36.67,-121.66,64.4,16.11
369,Riyadh,0,SA,1529370000,15,24.63,46.72,82.4,4.7
370,Santa Luzia,0,BR,1529373600,77,-19.77,-43.85,62.6,4.7
371,Goure,20,NE,1529374350,45,13.98,10.27,84.51,16.82
372,Camocim,56,BR,1529374351,98,-2.9,-40.84,73.35,8.43
373,Gonbad-e Qabus,0,IR,1529374351,71,37.25,55.17,70.29,4.41
374,Shieli,92,KZ,1529374351,23,44.18,66.74,73.08,7.2
375,Kifri,0,IQ,1529374352,36,34.69,44.96,73.98,6.08
376,Fiumicino,0,IT,1529371200,68,41.77,12.23,68,8.05
377,Shuyskoye,12,RU,1529374352,75,59.37,41.03,68.49,6.87
378,Sol-Iletsk,56,RU,1529374353,48,51.16,55,65.61,4.52
379,Vostok,56,RU,1529374353,56,46.45,135.83,72.81,6.87
380,Jiayuguan,44,CN,1529374353,69,39.77,98.29,63.63,4.52
381,Takoradi,92,GH,1529374354,100,4.89,-1.75,75.6,12.46
382,Esna,0,RO,1529374354,94,45.2,27.57,60.39,6.42
383,Piranshahr,0,IR,1529374354,55,36.7,45.14,52.02,1.28
384,Agirish,88,RU,1529374354,69,61.92,63.02,59.58,8.77
385,Arzamas,32,RU,1529374355,67,55.4,43.84,69.93,3.62
386,Zharkent,92,KZ,1529374355,43,44.17,80,65.88,2.17
387,Mendi,92,ET,1529374355,99,9.8,35.1,59.31,3.85
388,Farah,0,AF,1529374356,11,32.37,62.11,86.22,7.54
389,Keti Bandar,8,PK,1529374356,97,24.14,67.45,84.96,18.84
390,Olinda,75,EC,1529373600,78,-2.03,-79.75,75.2,12.75
391,Rocha,0,UY,1529374357,77,-34.48,-54.34,36.81,5.19
392,Tyubuk,76,RU,1529374357,100,56.05,60.94,57.24,6.76
393,Baijiantan,0,CN,1529374357,40,45.63,85.18,83.25,4.74
394,Berdigestyakh,92,RU,1529374357,50,62.1,126.7,64.8,4.97
395,Sire,0,ET,1529374358,87,8.28,39.49,51.84,4.41
396,Sapele,92,NG,1529374358,96,5.89,5.68,75.6,8.32
397,Tibiri,0,NE,1529374358,74,13.59,7.06,79.2,18.05
398,Bo Phloi,8,TH,1529374359,61,14.32,99.52,88.38,8.55
399,Danilovka,0,RU,1529374359,48,50.35,44.12,65.16,2.95
400,Baruun-Urt,0,MN,1529374334,62,46.68,113.28,68.85,9.1
401,Sao Joao da Barra,56,BR,1529374360,100,-21.64,-41.05,73.08,15.26
402,Purpe,100,RU,1529374360,100,64.48,76.69,58.41,9.66
403,Beisfjord,12,NO,1529374360,87,68.38,17.6,45.54,2.39
404,Filingue,0,NE,1529374361,58,14.35,3.32,83.16,15.26
405,Diffa,0,NE,1529374361,52,13.32,12.61,82.26,14.81
406,Aracati,92,BR,1529374083,98,-4.56,-37.77,72.27,5.75
407,Cotonou,40,BJ,1529370000,83,6.37,2.43,77,11.41
408,Bambui,88,CM,1529374362,99,6.01,10.23,61.65,2.62
409,Yilan,75,TW,1529371860,63,24.75,121.75,93.2,3.36
410,Leh,12,IN,1529374364,100,34.16,77.58,28.71,2.06
411,Zalesovo,32,RU,1529374364,63,54,84.74,75.06,4.97
412,Ajdabiya,0,LY,1529374364,94,30.75,20.22,63.9,5.86
413,Pithiviers,0,FR,1529371800,93,48.17,2.25,64.4,6.93
414,Jutai,12,BR,1529374359,100,-1.71,-47.89,71.82,2.51
415,Krabi,40,TH,1529371800,88,8.06,98.92,84.2,5.82
416,Mahon,75,IE,1529373600,93,51.89,-8.4,55.4,2.24
417,Nanzhou,90,TW,1529371800,88,22.49,120.51,80.6,8.05
418,Pathein,92,MM,1529374289,100,16.78,94.73,75.51,9.22
419,Innsbruck,75,AT,1529371200,87,47.27,11.39,55.4,1.12
420,Bondo,92,CD,1529374367,100,3.81,23.69,66.96,4.97
421,Mae Sai,90,MM,1529370000,100,20.44,99.89,78.8,3.36
422,Vung Tau,75,VN,1529371800,83,10.35,107.08,84.2,11.41
423,Nezhinka,20,RU,1529371800,76,51.77,55.37,53.6,4.47
424,Bushehr,0,IR,1529370000,49,28.97,50.84,89.6,11.41
425,Strezhevoy,75,RU,1529371800,100,60.73,77.6,57.2,4.47
426,Kudahuvadhoo,36,MV,1529374369,100,2.67,72.89,82.53,6.53
427,Trapani,20,IT,1529371200,83,38.02,12.54,73.4,5.82
428,Mari-Turek,0,RU,1529374370,52,56.79,49.62,67.23,4.97
429,Dumabato,20,PH,1529374370,70,16.32,121.7,87.39,4.18
430,Jacareacanga,48,BR,1529374370,89,-6.22,-57.76,74.88,3.06
431,Awjilah,0,LY,1529374371,80,29.14,21.3,66.51,6.2
432,Bossangoa,92,CF,1529374371,95,6.5,17.45,70.83,8.66
433,Ziro,92,IN,1529374371,97,27.54,93.82,65.79,1.61
434,Sao Jose da Coroa Grande,100,BR,1529374372,84,-8.9,-35.15,75.6,6.87
435,Yamada,40,JP,1529370000,51,36.58,137.08,84.2,4.7
436,Suluq,40,LY,1529369880,82,31.67,20.25,66.2,4.18
437,Magocs,64,HU,1529374373,66,46.35,18.23,68.76,7.99
438,Zhezkazgan,0,KZ,1529371800,47,47.8,67.71,59,8.95
439,Zalantun,64,CN,1529374373,81,48,122.72,70.65,3.62
440,Sechura,0,PE,1529374374,93,-5.56,-80.82,65.7,8.77
441,Moyale,92,ET,1529374374,97,3.52,39.05,64.17,4.18
442,Sao Felix do Xingu,12,BR,1529374374,65,-6.64,-51.99,78.39,1.72
443,Qorveh,0,IR,1529374375,64,35.17,47.8,53.46,2.62
444,Lanxi,80,CN,1529374375,83,29.21,119.46,80.37,3.29
445,Malayal,75,PH,1529370000,74,7.21,121.94,86,3.18
446,Vengerovo,8,RU,1529374376,96,55.68,76.74,60.75,5.86
447,Thinadhoo,76,MV,1529374376,100,0.53,72.93,82.71,7.31
448,Araceli,0,PH,1529374376,100,10.55,119.99,85.41,8.77
449,Mago,100,RU,1529374377,74,53.27,140.15,58.77,7.43
450,Bilisht,0,AL,1529374377,100,40.62,20.99,53.1,2.62
451,Koltubanovskiy,0,RU,1529374377,42,52.94,52.03,66.96,4.41
452,Imbituba,75,BR,1529373600,93,-28.24,-48.67,60.8,7.43
453,Kjollefjord,0,NO,1529374378,89,70.95,27.35,53.73,11.12
454,Coihaique,20,CL,1529373600,93,-45.58,-72.07,39.2,12.75
455,Sillamae,0,EE,1529374378,88,59.4,27.75,58.59,11.45
456,Abha,5,SA,1529370000,24,18.22,42.5,71.6,2.17
457,Perumpavur,75,IN,1529370000,94,10.13,76.48,77,5.97
458,Darnah,0,LY,1529374379,100,32.77,22.64,74.07,10.33
459,Porto Walter,0,BR,1529374380,86,-8.27,-72.74,66.42,2.95
460,Shenkursk,64,RU,1529374380,57,62.11,42.91,68.31,4.18
461,San Vicente,20,SV,1529373000,94,13.64,-88.78,82.4,4.7
462,Lensk,32,RU,1529374383,59,60.71,114.91,68.22,3.62
463,Pushkino,0,RU,1529371800,72,56.01,37.85,64.4,4.47
464,Klyuchi,92,RU,1529374383,99,52.25,79.17,60.75,7.54
465,Nur,48,PL,1529374384,59,52.67,22.32,65.52,3.4
466,Presidente Medici,0,BR,1529374384,79,-11.18,-61.9,67.68,3.74
467,Pirenopolis,0,BR,1529370000,59,-15.85,-48.96,62.6,9.17
468,Uga,88,NG,1529374385,98,7.28,8.67,72,8.1
469,Ilo,56,PE,1529374385,100,-17.65,-71.34,56.97,2.62
470,Lufilufi,92,WS,1529374385,100,-13.87,-171.6,80.91,13.8
471,Salvacion,8,PH,1529374386,100,13.85,121.93,85.77,2.73
472,Terrak,92,NO,1529373000,100,65.09,12.37,46.4,6.93
473,Muzhi,88,RU,1529374386,98,65.4,64.7,45.99,12.68
474,Shingu,75,JP,1529370000,88,33.72,135.99,69.8,4.7
475,Wajir,24,KE,1529374387,64,1.75,40.07,75.6,11.79
476,Zheleznodorozhnyy,0,RU,1529371800,82,55.75,38,64.4,2.24
477,Samsun,75,TR,1529369400,93,41.29,36.33,60.8,3.96
478,Itupiranga,0,BR,1529373600,88,-5.13,-49.33,73.4,2.24
479,Villa Maria,40,CO,1529370000,71,4.5,-74.09,55.4,8.05
480,Bilma,0,NE,1529374388,19,18.69,12.92,77.67,7.31
481,Adre,68,TD,1529374389,92,13.47,22.2,72.09,8.21
482,Mandalgovi,8,MN,1529374389,50,45.76,106.27,67.86,4.63
483,Rio Gallegos,0,AR,1529373600,64,-51.62,-69.22,35.6,18.34
484,Hobyo,8,SO,1529374389,87,5.35,48.53,74.7,18.16
485,Rafraf,20,TN,1529371800,72,37.19,10.18,68,8.05
486,Urucara,68,BR,1529374113,95,-2.54,-57.76,75.24,3.06
487,Comodoro Rivadavia,0,AR,1529373600,50,-45.87,-67.48,53.6,13.87
488,Nalut,0,LY,1529374391,68,31.86,10.98,64.53,5.97
489,Namie,75,JP,1529370000,100,37.52,140.86,69.8,3.36
490,Grivenskaya,0,RU,1529374392,62,45.65,38.16,67.41,3.4
491,Nysa,0,PL,1529374392,83,50.47,17.33,55.62,4.18
492,Frutigen,0,CH,1529371200,100,46.59,7.64,62.6,1.12
493,Orzu,12,RO,1529374392,93,44.77,23.24,60.03,2.95
494,Villa Carlos Paz,0,AR,1529373600,62,-31.42,-64.5,51.8,11.41
495,Monopoli,0,IT,1529371200,73,40.95,17.3,75.2,10.29
496,Avera,1,US,1529372100,83,33.19,-82.53,87.8,4.7
497,Panzhihua,24,CN,1529374394,82,26.59,101.72,75.33,2.95
498,Ishigaki,75,JP,1529371440,84,24.34,124.16,86,23.04
499,Villarrica,88,CL,1529374394,100,-39.28,-72.23,45.9,2.17
500,Ronne,0,FR,1529371800,87,48.45,0.83,62.6,9.17
501,Vanimo,32,PG,1529374395,100,-2.67,141.3,80.1,3.18
502,Haradok,24,BY,1529374395,84,55.46,29.99,62.91,4.97
503,Pitimbu,75,BR,1529373600,94,-7.47,-34.81,73.4,3.36
504,Tilichiki,0,RU,1529374396,73,60.47,166.1,53.19,7.99
505,Anadyr,0,RU,1529371800,35,64.73,177.51,55.4,8.95
506,Prainha,80,BR,1529374190,88,-1.8,-53.48,77.4,4.18
507,Erdenet,0,MN,1529374398,59,49.03,104.04,66.96,6.64
508,Bintulu,75,MY,1529370000,83,3.17,113.03,84.2,3.36
509,Massakory,0,TD,1529374399,58,13,15.73,80.46,10.11
510,Sena Madureira,0,BR,1529374399,86,-9.07,-68.66,66.15,3.74
511,Orange,0,AU,1529374137,94,-33.28,149.1,50.4,12.57
512,Fukue,75,JP,1529371800,83,35.03,136.69,73.4,8.05
513,Iquitos,40,PE,1529373600,94,-3.75,-73.25,71.6,2.62
514,Volgodonsk,0,RU,1529374400,47,47.51,42.17,64.44,3.74
515,Sawakin,68,SD,1529374401,65,19.1,37.33,78.84,2.62
516,Shakhtinsk,0,KZ,1529371800,82,49.71,72.59,57.2,15.66
517,Porbandar,92,IN,1529374401,85,21.64,69.61,83.61,10.78
518,Teguldet,56,RU,1529374402,54,57.31,88.17,72.9,5.19
519,Suba,44,CN,1529374402,73,28.73,103.51,78.21,2.62
520,Hovd,75,NO,1529373000,93,63.83,10.7,48.2,5.82
521,Mao,75,DO,1529373600,94,19.55,-71.08,77,4.7
522,Itapirapua,24,BR,1529374404,52,-15.82,-50.61,69.21,8.43
523,Markivka,20,UA,1529374404,48,49.52,39.57,66.15,3.62
524,Shu,68,KZ,1529374405,52,43.6,73.76,74.7,3.51
525,Barkhan,0,PK,1529374405,45,29.9,69.52,79.38,3.29
526,Tuni,40,BO,1529373600,93,-16.67,-68.14,35.6,6.93
527,Ibipeba,44,BR,1529374406,75,-11.64,-42.01,66.51,10.67
528,Bayir,20,TR,1529371200,88,37.27,28.22,66.2,3.36
529,Petropavlivka,0,UA,1529374407,46,48.46,36.42,62.82,5.75
530,Conde,92,BR,1529374407,100,-11.81,-37.61,72.36,10.45
531,Najran,5,SA,1529370000,20,17.54,44.22,82.4,3.74
532,Bahir Dar,0,ET,1529374407,83,11.59,37.39,49.86,3.18
533,Pokhvistnevo,0,RU,1529374408,44,53.65,52.12,66.6,4.18
534,Rawson,36,AR,1529374408,64,-43.3,-65.11,53.46,11.12
535,Muravlenko,92,RU,1529374351,100,63.79,74.5,56.07,7.31
536,Kaka,0,TM,1529374408,43,37.35,59.62,75.06,1.61
